"Last.Name","First.Name","Position","Rank","Full.Name","Grade","Player.Code","Team.Code","year"
"Williams","Preston","WR",39,"Preston Williams","87",83122,503,2015
"Kamara","Alvin","RB",119,"Alvin Kamara","83",1054156,8,2015
"Fields","Devonte","DE",139,"Devonte Fields","83",1049592,698,2015
"Davis","Jordan","TE",249,"Jordan Davis","81",1055292,257,2015
"Stewart","Cameron","WR",388,"Cameron Stewart","80",1037926,502,2015
"Miller","Cedric","RB",445,"Cedric Miller","80",1051866,669,2015
"Porter","Aaron","ILB",452,"Aaron Porter","80",1046713,110,2015
"Kelly","Chad","QB",485,"Chad Kelly","80",1046831,147,2015
"Webb","Greg","DT",519,"Greg Webb","79",1056312,457,2015
"Johnson","Shelton","DE",530,"Shelton Johnson","79",1013215,317,2015
"Smith","Jeremy","RB",536,"Jeremy Smith","79",1025542,521,2015
"Autry","Anthony","WR",567,"Anthony Autry","79",1047236,255,2015
"Bowman","Michael","WR",654,"Michael Bowman","78",1008827,196,2015
"Bowman","Michael","WR",654,"Michael Bowman","78",1022913,8,2015
"Hosick","Trent","QB",731,"Trent Hosick","78",1056261,434,2015
"Philbert","Jaypee","OT",800,"Jaypee Philbert","78",1061471,7,2015
"Dawson","Nick","DE",804,"Nick Dawson","78",1047786,367,2015
"Snell","Brandon","WR",829,"Brandon Snell","78",1051703,655,2015
"Johnson","Justin","WR",850,"Justin Johnson","77",1009162,288,2015
"Johnson","Justin","WR",850,"Justin Johnson","77",1008012,9,2015
"Johnson","Justin","WR",850,"Justin Johnson","77",1046653,96,2015
"Smith","Trey","RB",971,"Trey Smith","77",1022042,695,2015
"Adams","Josh","RB",989,"Josh Adams","77",1004416,749,2015
"Smith","Justin","WR",1059,"Justin Smith","76",1018848,719,2015
"Smith","Justin","WR",1059,"Justin Smith","76",1014209,659,2015
"Ayoola","Dami","RB",1183,"Dami Ayoola","76",1047396,301,2015
"Blandin","Josiah","WR",1194,"Josiah Blandin","76",1046247,28,2015
"Williams","Ryan","RB",1196,"Ryan Williams","76",1019932,141,2015
"Williams","Ryan","RB",1196,"Ryan Williams","76",50005,501,2015
"Williams","Ryan","RB",1196,"Ryan Williams","76",83763,721,2015
"Williams","James","RB",1199,"James Williams","76",1043144,290,2015
"Young","Justin","DT",1259,"Justin Young","75",1019196,742,2015
"Bailey","James","S",1273,"James Bailey","75",1041748,698,2015
"Davis","Tyler","QB",1335,"Tyler Davis","75",1012134,811,2015
"Davis","Tyler","QB",1335,"Tyler Davis","75",1003386,657,2015
"Wilson","DeVante","DE",1475,"DeVante Wilson","74",1049264,657,2015
"Brown","Justin","DT",1559,"Justin Brown","74",1005312,244,2015
"Hikutini","Cole","TE",1607,"Cole Hikutini","73",1050564,102,2015
"Williams","Richard","OG",1825,"Richard Williams","72",1020602,317,2015
"Collie","Dylan","WR",2081,"Dylan Collie","70",1046587,77,2015
"Smith","Troy","QB",2092,"Troy Smith","70",44309,518,2015
"Jones","Marcus","RB",2202,"Marcus Jones","67",80494,579,2015
"Thomas","Maurice","RB",2220,"Maurice Thomas","66",86925,310,2015
"Johnson","Kamron","RB",2290,"Kamron Johnson","NR",1036954,43,2015
"Stewart","Brad","WR",2384,"Brad Stewart","NR",78659,654,2015
"Williams","Darius","WR",2552,"Darius Williams","NR",75467,716,2015
"Williams","Darius","WR",2552,"Darius Williams","NR",1051129,294,2015
"Williams","Darius","WR",2552,"Darius Williams","NR",1059025,489,2015
"Height","Nyiakki","WR",2688,"Nyiakki Height","NR",1046218,9,2015
"Coleman","Brandon","QB",2868,"Brandon Coleman","NR",49446,434,2015
"Smith","David","OT",3125,"David Smith","NR",1008658,147,2015
"Williams","John","DT",3157,"John Williams","NR",1016720,328,2015
"Williams","John","DT",3157,"John Williams","NR",1014193,655,2015
"Turner","Reginald","WR",3160,"Reginald Turner","NR",1028370,508,2015
"Davis","Alex","DE",3228,"Alex Davis","NR",1021386,625,2015
"Brown","Xavier","WR",3270,"Xavier Brown","NR",1023110,37,2015
"Jones","Anthony","WR",3301,"Anthony Jones","NR",1007193,693,2015
"Jones","Anthony","WR",3301,"Anthony Jones","NR",1013149,315,2015
"Smith","Devin","WR",3315,"Devin Smith","NR",1040919,518,2015
"Smith","Devin","WR",3315,"Devin Smith","NR",68724,175,2015
"Campbell","Tyler","QB",3427,"Tyler Campbell","NR",1028640,711,2015
"Williams","Ricky","DT",3589,"Ricky Williams","NR",57696,498,2015
"Hill","Adrian","WR",3590,"Adrian Hill","NR",1041955,716,2015
"Johnson","Malcolm","RB",3702,"Malcolm Johnson","NR",1023231,66,2015
"Johnson","Malcolm","RB",3702,"Malcolm Johnson","NR",1053259,550,2015
"Phillips","Nate","WR",3704,"Nate Phillips","NR",1054274,29,2015
"Knight","Brandon","TE",3720,"Brandon Knight","NR",1020879,446,2015
"Cook","Matt","OG",3847,"Matt Cook","NR",1011709,726,2015
"Anderson","Trey","QB",4044,"Trey Anderson","NR",1041151,545,2015
"Green","Treyvon","RB",4153,"Treyvon Green","NR",1040860,509,2015
"Turner","Nick","RB",4395,"Nick Turner","NR",1024207,306,2015
"Turner","Nick","RB",4395,"Nick Turner","NR",69505,454,2015
"Hall","Eric","DT",4523,"Eric Hall","NR",75782,741,2015
"Jones","David","RB",4617,"David Jones","NR",1024831,419,2015
"Brown","Cameron","WR",4683,"Cameron Brown","NR",1042511,772,2015
"Johnson","Desmond","RB",4702,"Desmond Johnson","NR",1018329,664,2015
"Lewis","Brandon","RB",4902,"Brandon Lewis","NR",1043911,670,2015
"Lewis","Brandon","RB",4902,"Brandon Lewis","NR",1033134,473,2015
"Clark","John","DT",4913,"John Clark","NR",1034428,716,2015
"Jones","Brandon","CB",4961,"Brandon Jones","NR",1000597,754,2015
"Jones","Jordan","WR",5045,"Jordan Jones","NR",1053762,1092,2015
"Williams","Zane","DT",5094,"Zane Williams","NR",1047686,334,2015
"Smith","Jordan","WR",5135,"Jordan Smith","NR",1008397,77,2015
"Smith","Jordan","WR",5135,"Jordan Smith","NR",1053390,692,2015
"Jones","Darius","WR",5147,"Darius Jones","NR",1023213,51,2015
"Johnson","Christian","RB",5293,"Christian Johnson","NR",1029277,553,2015
"Bell","Chris","WR",5387,"Chris Bell","NR",1003022,539,2015
"Jones","Landon","WR",5424,"Landon Jones","NR",1044329,7,2015
"George","Brandon","RB",5425,"Brandon George","NR",1020543,315,2015
"Brown","Trevor","TE",5478,"Trevor Brown","NR",1038865,77,2015
"Williams","Marcus","WR",5480,"Marcus Williams","NR",1033078,472,2015
"Williams","Marcus","WR",5480,"Marcus Williams","NR",1028913,288,2015
"Allen","Brandon","QB",5549,"Brandon Allen","NR",1038596,31,2015
"Morris","Eric","RB",5739,"Eric Morris","NR",75168,700,2015
"Clarke","Anthony","WR",5830,"Anthony Clarke","NR",1031177,66,2015
"Bailey","Josh","TE",5905,"Josh Bailey","NR",52834,768,2015
"Johnson","Alex","DE",6037,"Alex Johnson","NR",1059222,523,2015
"Lewis","Chris","WR",6064,"Chris Lewis","NR",1049155,646,2015
"Collins","Kyle","QB",6259,"Kyle Collins","NR",1012850,253,2015
"Johnson","Jeremiah","RB",6539,"Jeremiah Johnson","NR",79026,529,2015
"Williams","Earnest","WR",6827,"Earnest Williams","NR",74022,404,2015
"Williams","Desmond","DE",6951,"Desmond Williams","NR",1061054,817,2015
"Johnson","Austin","DT",7015,"Austin Johnson","NR",1048936,539,2015
"Jones","Ryan","OG",7104,"Ryan Jones","NR",1025916,630,2015
"Allen","Devon","WR",7187,"Devon Allen","NR",1056903,529,2015
"Moore","James","DT",7206,"James Moore","NR",1021819,669,2015
"Davis","James","RB",7362,"James Davis","NR",80031,147,2015
"Davis","James","RB",7362,"James Davis","NR",1012110,811,2015
"Smith","Michael","WR",7455,"Michael Smith","NR",1016068,164,2015
"Smith","Michael","WR",7455,"Michael Smith","NR",1012535,141,2015
"Lewis","Jordan","RB",7458,"Jordan Lewis","NR",1045521,550,2015
"Johnson","Jordan","DE",7621,"Jordan Johnson","NR",1003410,663,2015
"Anderson","Robert","ILB",7623,"Robert Anderson","NR",1014121,654,2015
"Brown","Ricky","WR",7712,"Ricky Brown","NR",1044250,1068,2015
"Smith","Jamari","CB",7751,"Jamari Smith","NR",1057209,648,2015
"Mitchell","Malcolm","CB",7752,"Malcolm Mitchell","NR",1039510,257,2015
"Brown","Michael","WR",7961,"Michael Brown","NR",65183,6,2015
"Washington","Bobby","RB",8225,"Bobby Washington","NR",74542,490,2015
"Washington","Bobby","RB",8225,"Bobby Washington","NR",1005161,202,2015
"Smith","Cameron","RB",8228,"Cameron Smith","NR",1053663,485,2015
"White","Cam","WR",8441,"Cam White","NR",1041767,698,2015
"Johnson","Eric","WR",8449,"Eric Johnson","NR",1029451,699,2015
"Johnson","Eric","WR",8449,"Eric Johnson","NR",1040585,465,2015
"Lloyd","Marcus","WR",8492,"Marcus Lloyd","NR",1035983,647,2015
"Snyder","Eric","WR",8524,"Eric Snyder","NR",57425,311,2015
"Johnson","Antonio","DE",8558,"Antonio Johnson","NR",1008242,51,2015
"Cage","William","WR",8593,"William Cage","NR",83367,698,2015
"Ford","Brandon","WR",8896,"Brandon Ford","NR",1015967,147,2015
"Johnson","Tyler","DE",8962,"Tyler Johnson","NR",1033423,521,2015
"Collins","Cameron","RB",9010,"Cameron Collins","NR",1010877,630,2015
"McLaughlin","Nick","RB",9070,"Nick McLaughlin","NR",1057832,716,2015
"Thompson","Brian","S",9100,"Brian Thompson","NR",1022409,786,2015
"Washington","Damien","WR",9161,"Damien Washington","NR",1048301,457,2015
"Watkins","James","WR",9272,"James Watkins","NR",1016223,231,2015
"Lewis","David","WR",9283,"David Lewis","NR",1021608,659,2015
"Lewis","David","WR",9283,"David Lewis","NR",1003841,709,2015
"Lewis","David","WR",9283,"David Lewis","NR",59752,550,2015
"Coleman","Nick","WR",9328,"Nick Coleman","NR",1007481,771,2015
"Young","Willie","WR",9683,"Willie Young","NR",1059554,2678,2015
"Brown","Brandon","WR",9709,"Brandon Brown","NR",1046448,51,2015
"Hill","Jason","WR",9791,"Jason Hill","NR",57078,754,2015
"Williams","Justin","S",9820,"Justin Williams","NR",1001154,235,2015
"Green","Deon","DT",9825,"Deon Green","NR",1041364,648,2015
"Johnson","Marcus","WR",9839,"Marcus Johnson","NR",1049665,703,2015
"Johnson","Marcus","WR",9839,"Marcus Johnson","NR",1051664,632,2015
"Edwards","Trent","QB",9927,"Trent Edwards","NR",51683,674,2015
"Brown","Marquise","WR",9952,"Marquise Brown","NR",1003305,648,2015
"James","Jordan","WR",10120,"Jordan James","NR",1026582,719,2015
"Nelson","Tyler","WR",10132,"Tyler Nelson","NR",1046848,156,2015
"Johnson","Xavier","RB",10142,"Xavier Johnson","NR",1057174,646,2015
"Jones","Dante","WR",10155,"Dante Jones","NR",1061523,27,2015
"Anderson","Joe","WR",10164,"Joe Anderson","NR",1009599,366,2015
"Saunders","Jalen","WR",10282,"Jalen Saunders","NR",1031383,96,2015
"Saunders","Jalen","WR",10282,"Jalen Saunders","NR",1031383,522,2015
"Saunders","Jalen","WR",10282,"Jalen Saunders","NR",1055254,255,2015
"Pearson","Ryan","WR",10438,"Ryan Pearson","NR",40217,698,2015
"Smith","Brandon","WR",10487,"Brandon Smith","NR",1000137,28,2015
"Smith","Brandon","WR",10487,"Brandon Smith","NR",1021119,502,2015
"Smith","Brandon","WR",10487,"Brandon Smith","NR",1049354,670,2015
"Martin","Marcus","OG",10643,"Marcus Martin","NR",1041432,657,2015
"Brown","Austin","DT",10656,"Austin Brown","NR",1050302,754,2015
"Atkinson","Josh","CB",10755,"Josh Atkinson","NR",1040897,513,2015
"Johnson","Isaiah","S",10778,"Isaiah Johnson","NR",1031926,255,2015
"Johnson","Isaiah","S",10778,"Isaiah Johnson","NR",1055639,328,2015
"Murphy","Mark","QB",10978,"Mark Murphy","NR",76403,51,2015
"Garcia","Alvaro","WR",11076,"Alvaro Garcia","NR",1014267,670,2015
"Jones","David","CB",11094,"David Jones","NR",82290,334,2015
"Smith","Jordan","CB",11160,"Jordan Smith","NR",1056936,539,2015
"Henry","Michael","WR",11420,"Michael Henry","NR",1050442,774,2015
"Jones","Matt","RB",11513,"Matt Jones","NR",1047180,235,2015
"Jones","Matt","RB",11513,"Matt Jones","NR",1045485,493,2015
"Robinson","Stephan","WR",11594,"Stephan Robinson","NR",1032497,367,2015
"Walker","Kyle","WR",11655,"Kyle Walker","NR",85906,655,2015
"Walker","Kyle","WR",11655,"Kyle Walker","NR",1006849,659,2015
"Johnson","Eric","WR",11664,"Eric Johnson","NR",1029451,699,2015
"Johnson","Eric","WR",11664,"Eric Johnson","NR",1040585,465,2015
"Williams","Malcolm","WR",11677,"Malcolm Williams","NR",1011372,703,2015
"Johnson","Brandon","S",11971,"Brandon Johnson","NR",1010247,473,2015
"Smith","Jordan","CB",11975,"Jordan Smith","NR",1056936,539,2015
"Smith","Brandon","RB",12073,"Brandon Smith","NR",51360,659,2015
"Jones","Jake","OG",12101,"Jake Jones","NR",1042621,811,2015
"Butler","Darius","CB",12231,"Darius Butler","NR",70616,164,2015
"Rogers","Jared","RB",12294,"Jared Rogers","NR",1050000,725,2015
"Johnson","Charles","WR",12297,"Charles Johnson","NR",1012765,202,2015
"Jackson","Darius","WR",12388,"Darius Jackson","NR",1020043,178,2015
"Williams","Jordan","QB",12423,"Jordan Williams","NR",1021331,624,2015
"Williams","Johnny","WR",12429,"Johnny Williams","NR",1016084,193,2015
"Davis","Anthony","CB",12458,"Anthony Davis","NR",1009415,328,2015
"Thomas","Brandon","CB",12672,"Brandon Thomas","NR",1044184,817,2015
"Brown","Chris","WR",12677,"Chris Brown","NR",72252,311,2015
"Brown","Chris","WR",12677,"Chris Brown","NR",1030737,257,2015
"Brown","Chris","WR",12677,"Chris Brown","NR",1048672,513,2015
"Smith","Michael","WR",12688,"Michael Smith","NR",1016068,164,2015
"Smith","Michael","WR",12688,"Michael Smith","NR",1012535,141,2015
"Jones","Chris","DT",12732,"Chris Jones","NR",1023321,71,2015
"Simmons","Anthony","RB",12814,"Anthony Simmons","NR",1042707,48,2015
"Williams","Marcus","RB",12837,"Marcus Williams","NR",1002785,518,2015
"Williams","Marcus","RB",12837,"Marcus Williams","NR",1058085,732,2015
"Jackson","Marcus","WR",12860,"Marcus Jackson","NR",1042058,725,2015
"Jones","Isaiah","WR",12868,"Isaiah Jones","NR",1055001,196,2015
"Jones","Isaiah","WR",12868,"Isaiah Jones","NR",1055149,234,2015
"Jones","Isaiah","WR",12868,"Isaiah Jones","NR",1044499,380,2015
"Jones","Brandon","QB",12900,"Brandon Jones","NR",81559,519,2015
"Jones","Brandon","QB",12900,"Brandon Jones","NR",85884,655,2015
"Wright","Jarius","WR",12912,"Jarius Wright","NR",1015446,31,2015
"Smith","Justin","DT",12950,"Justin Smith","NR",1017261,433,2015
"Dunn","Robert","WR",12990,"Robert Dunn","NR",81776,37,2015
"Connolly","Mike","OLB",13013,"Mike Connolly","NR",1027835,355,2015
"Mitchell","James","ILB",13047,"James Mitchell","NR",83568,2915,2015
"Cameron","Tyler","QB",13100,"Tyler Cameron","NR",1050252,749,2015
"Brooks","Elijah","RB",13223,"Elijah Brooks","NR",76144,786,2015
"Thompson","Matt","WR",13283,"Matt Thompson","NR",1036974,141,2015
"Taylor","Justin","RB",13395,"Justin Taylor","NR",1047667,334,2015
"Taylor","Justin","RB",13395,"Justin Taylor","NR",1047667,647,2015
"Jones","Jeffrey","WR",13409,"Jeffrey Jones","NR",1020824,446,2015
"Harris","Andrew","WR",13532,"Andrew Harris","NR",1017222,433,2015
"Williams","Ryan","QB",13600,"Ryan Williams","NR",1032567,415,2015
"Williams","Ryan","QB",13600,"Ryan Williams","NR",1032567,404,2015
"Brown","John","WR",13605,"John Brown","NR",1011251,698,2015
"Williams","Chris","CB",13615,"Chris Williams","NR",1016484,295,2015
"Alexander","Jake","OG",13674,"Jake Alexander","NR",1034489,719,2015
"Brown","Brandon","TE",13999,"Brandon Brown","NR",1059905,317,2015
"Smith","Jordan","CB",14091,"Jordan Smith","NR",1056936,539,2015
"Harris","Paul","WR",14369,"Paul Harris","NR",1057512,694,2015
"Ford","Ray","CB",14374,"Ray Ford","NR",1050287,754,2015
"Kline","Zach","QB",14400,"Zach Kline","NR",1046689,107,2015
"Williams","Tyrone","WR",14403,"Tyrone Williams","NR",1033331,518,2015
"Hubenak","Jake","QB",14404,"Jake Hubenak","NR",1056785,521,2015
"Thompson","Jayme","S",14408,"Jayme Thompson","NR",1056719,518,2015
"Taylor","JaBryce","WR",14413,"JaBryce Taylor","NR",1057311,663,2015
"Copier","Chris","TE",14424,"Chris Copier","NR",1031315,77,2015
"Baltazar","Aaron","RB",14479,"Aaron Baltazar","NR",1054473,66,2015
"Tuttle","Cody","TE",14493,"Cody Tuttle","NR",1048418,466,2015
"Colston-Green","Jaren","WR",14499,"Jaren Colston-Green","NR",1056825,521,2015
"Blain","Tanner","K",14504,"Tanner Blain","NR",1055724,334,2015
"Southward","Ricquan","WR",14512,"Ricquan Southward","NR",1048722,518,2015
"Wilemon","Tyler","OT",14522,"Tyler Wilemon","NR",1050691,502,2015
"Moorehead","Colton","DT",14541,"Colton Moorehead","NR",1051540,508,2015
"Lewis","Chris","DE",14542,"Chris Lewis","NR",1015761,96,2015
"Lewis","Chris","DE",14542,"Chris Lewis","NR",1000586,96,2015
"Apodaca","Austin","QB",14583,"Austin Apodaca","NR",1050278,754,2015
"Lee","Derek","TE",14586,"Derek Lee","NR",1045491,493,2015
"Marini","Taylor","TE",14593,"Taylor Marini","NR",1057101,587,2015
"Sutcliffe","Jamie","K",14618,"Jamie Sutcliffe","NR",1050123,732,2015
"Allen","Javelle","QB",14624,"Javelle Allen","NR",1046291,29,2015
"Williams","Eddie","RB",14632,"Eddie Williams","NR",1001525,312,2015
"Chipoletti","Austin","QB",14675,"Austin Chipoletti","NR",1060598,758,2015
"Thorpe","T.J.","WR",14684,"T.J. Thorpe","NR",1040504,457,2015
"McCollum","T.J.","S",14688,"T.J. McCollum","NR",1054211,9,2015
"Golson","Everett","QB",14697,"Everett Golson","NR",1040900,513,2015
"Cavil","Dannon","WR",14698,"Dannon Cavil","NR",1056846,522,2015
"Brown","Devon","CB",14702,"Devon Brown","NR",1046193,9,2015
"McFarland","M.J.","TE",14708,"M.J. McFarland","NR",1041847,703,2015
"Hunter","Michael","CB",14715,"Michael Hunter","NR",1039701,306,2015
"Floyd","Desmond","DE",14725,"Desmond Floyd","NR",1042371,749,2015
"Mathers","I'Tavius","RB",14727,"I'Tavius Mathers","NR",1048230,433,2015
"Wittek","Max","QB",14729,"Max Wittek","NR",1041406,657,2015
"Staples","Jamari","WR",14730,"Jamari Staples","NR",1054188,9,2015
"Smith","Maxwell","QB",14731,"Maxwell Smith","NR",1039928,334,2015
"Morris","Jontavius","DT",14735,"Jontavius Morris","NR",1046208,9,2015
"Christian","Ahmad","CB",14737,"Ahmad Christian","NR",1041326,648,2015
"Kelly","Sean","K",14738,"Sean Kelly","NR",1047062,229,2015
"Driskel","Jeff","QB",14747,"Jeff Driskel","NR",1039436,235,2015
"Peterman","Nathan","QB",14752,"Nathan Peterman","NR",1049490,694,2015
"Hawkins","Marqui","WR",14753,"Marqui Hawkins","NR",1055190,235,2015
"Petty","Jordan","CB",14758,"Jordan Petty","NR",1054186,9,2015
"Hart","Greg","TE",14764,"Greg Hart","NR",1056354,463,2015
"Howard","Jordan","RB",14768,"Jordan Howard","NR",1054206,9,2015
"Allen","Chance","WR",14772,"Chance Allen","NR",1048873,529,2015
"Schulz","Adam","QB",14773,"Adam Schulz","NR",1042196,732,2015
"Clements","Cody","QB",14774,"Cody Clements","NR",1042372,754,2015
